{"stats":{"minecraft:killed":{"minecraft:spider":3,"minecraft:skeleton":15,"minecraft:chicken":1,"minecraft:pig":12,"minecraft:creeper":5,"minecraft:sheep":12,"minecraft:zombie":12,"minecraft:cow":8},"minecraft:dropped":{"minecraft:birch_planks":1,"minecraft:wheat_seeds":2,"minecraft:feather":1,"minecraft:stick":25,"minecraft:dirt":1,"minecraft:bone":4,"minecraft:oak_door":1,"minecraft:stone_axe":1,"minecraft:chicken":2,"minecraft:rotten_flesh":6,"minecraft:light_gray_wool":1,"minecraft:gunpowder":1,"minecraft:spruce_planks":2,"minecraft:spider_eye":1,"minecraft:arrow":2,"minecraft:bow":1,"minecraft:wooden_pickaxe":2,"minecraft:stone_pickaxe":1},"minecraft:picked_up":{"minecraft:crafting_table":5,"minecraft:wheat":7,"minecraft:azure_bluet":4,"minecraft:chicken":2,"minecraft:wooden_pickaxe":1,"minecraft:cornflower":6,"minecraft:string":8,"minecraft:beef":14,"minecraft:poppy":1,"minecraft:light_gray_wool":1,"minecraft:birch_sapling":9,"minecraft:sugar_cane":19,"minecraft:chest":2,"minecraft:egg":1,"minecraft:furnace":13,"minecraft:stick":67,"minecraft:raw_iron":94,"minecraft:oak_door":8,"minecraft:oak_fence":3,"minecraft:torch":8,"minecraft:porkchop":18,"minecraft:arrow":32,"minecraft:rotten_flesh":22,"minecraft:tuff_bricks":9,"minecraft:mutton":18,"minecraft:white_wool":15,"minecraft:cobblestone":161,"minecraft:oxeye_daisy":6,"minecraft:birch_log":89,"minecraft:feather":1,"minecraft:birch_slab":3,"minecraft:andesite":7,"minecraft:leather":16,"minecraft:birch_planks":1,"minecraft:oak_log":105,"minecraft:waxed_copper_block":1,"minecraft:gunpowder":3,"minecraft:lapis_lazuli":80,"minecraft:dirt":144,"minecraft:cooked_mutton":1,"minecraft:bone":16,"minecraft:apple":5,"minecraft:bow":1,"minecraft:wheat_seeds":55,"minecraft:iron_ingot":37,"minecraft:oak_planks":9,"minecraft:pumpkin":16,"minecraft:sweet_berries":218,"minecraft:dandelion":21,"minecraft:sand":12,"minecraft:birch_stairs":33,"minecraft:white_bed":5,"minecraft:spruce_log":9,"minecraft:spider_eye":1,"minecraft:spruce_boat":9,"minecraft:emerald":2,"minecraft:oak_sapling":25,"minecraft:coal":266},"minecraft:mined":{"minecraft:white_bed":5,"minecraft:oak_sapling":4,"minecraft:oak_door":6,"minecraft:granite":1,"minecraft:grass_block":116,"minecraft:birch_slab":2,"minecraft:spruce_leaves":6,"minecraft:oxeye_daisy":3,"minecraft:tuff_bricks":9,"minecraft:spawner":1,"minecraft:furnace":13,"minecraft:iron_ore":86,"minecraft:andesite":7,"minecraft:pumpkin":12,"minecraft:deepslate_lapis_ore":2,"minecraft:azure_bluet":4,"minecraft:stone":125,"minecraft:birch_stairs":33,"minecraft:dandelion":20,"minecraft:powder_snow":1,"minecraft:oak_fence":3,"minecraft:cornflower":5,"minecraft:crafting_table":5,"minecraft:torch":6,"minecraft:short_grass":111,"minecraft:emerald_ore":1,"minecraft:poppy":1,"minecraft:chest":2,"minecraft:tall_grass":33,"minecraft:cobblestone":39,"minecraft:lapis_ore":5,"minecraft:sugar_cane":9,"minecraft:oak_planks":9,"minecraft:birch_sapling":2,"minecraft:birch_planks":1,"minecraft:wheat":9,"minecraft:birch_log":82,"minecraft:sweet_berry_bush":38,"minecraft:spruce_log":9,"minecraft:birch_leaves":14,"minecraft:waxed_copper_block":1,"minecraft:oak_log":104,"minecraft:coal_ore":101,"minecraft:sand":12,"minecraft:dirt":26,"minecraft:oak_leaves":27,"minecraft:fern":2},"minecraft:used":{"minecraft:oak_fence":49,"minecraft:tuff_bricks":9,"minecraft:iron_shovel":137,"minecraft:chest":4,"minecraft:shield":19,"minecraft:iron_sword":154,"minecraft:oak_door":10,"minecraft:torch":164,"minecraft:dirt":111,"minecraft:salmon_bucket":1,"minecraft:azure_bluet":3,"minecraft:oak_fence_gate":2,"minecraft:spruce_boat":9,"minecraft:iron_hoe":85,"minecraft:lava_bucket":11,"minecraft:iron_axe":256,"minecraft:birch_sapling":9,"minecraft:bow":6,"minecraft:sweet_berries":140,"minecraft:oak_sapling":25,"minecraft:furnace":16,"minecraft:egg":1,"minecraft:cooked_beef":11,"minecraft:powder_snow_bucket":3,"minecraft:wheat_seeds":46,"minecraft:water_bucket":58,"minecraft:birch_planks":43,"minecraft:stone_pickaxe":120,"minecraft:oak_planks":73,"minecraft:wooden_pickaxe":20,"minecraft:sugar_cane":4,"minecraft:waxed_copper_block":1,"minecraft:crafting_table":6,"minecraft:white_bed":6,"minecraft:spruce_log":1,"minecraft:oak_log":48,"minecraft:cornflower":5,"minecraft:oxeye_daisy":3,"minecraft:birch_slab":79,"minecraft:iron_pickaxe":258,"minecraft:oak_pressure_plate":4,"minecraft:stone_axe":40,"minecraft:cobblestone":131,"minecraft:cooked_porkchop":8,"minecraft:andesite":7,"minecraft:bucket":74,"minecraft:glass_pane":8,"minecraft:dandelion":5,"minecraft:bone_meal":18,"minecraft:birch_stairs":125},"minecraft:broken":{"minecraft:iron_axe":1,"minecraft:iron_pickaxe":1},"minecraft:crafted":{"minecraft:oak_door":3,"minecraft:oak_planks":172,"minecraft:oak_pressure_plate":4,"minecraft:birch_slab":84,"minecraft:furnace":3,"minecraft:bone_meal":18,"minecraft:cooked_mutton":17,"minecraft:glass_pane":16,"minecraft:glass":12,"minecraft:iron_boots":1,"minecraft:iron_axe":2,"minecraft:iron_hoe":1,"minecraft:stone_pickaxe":1,"minecraft:chest":2,"minecraft:spruce_boat":1,"minecraft:oak_fence":54,"minecraft:cooked_beef":14,"minecraft:cooked_porkchop":18,"minecraft:crafting_table":1,"minecraft:spruce_planks":32,"minecraft:wooden_pickaxe":1,"minecraft:iron_helmet":1,"minecraft:iron_sword":1,"minecraft:bucket":1,"minecraft:birch_planks":308,"minecraft:stone_axe":1,"minecraft:air":0,"minecraft:oak_fence_gate":2,"minecraft:iron_chestplate":1,"minecraft:shield":1,"minecraft:stick":88,"minecraft:iron_ingot":75,"minecraft:iron_pickaxe":2,"minecraft:iron_shovel":1,"minecraft:iron_leggings":1,"minecraft:white_bed":1,"minecraft:torch":156,"minecraft:birch_stairs":120},"minecraft:custom":{"minecraft:mob_kills":69,"minecraft:interact_with_crafting_table":49,"minecraft:leave_game":2,"minecraft:time_since_death":166383,"minecraft:sprint_one_cm":576914,"minecraft:walk_one_cm":237414,"minecraft:damage_blocked_by_shield":846,"minecraft:drop":24,"minecraft:play_time":166383,"minecraft:sneak_time":25924,"minecraft:walk_under_water_one_cm":5161,"minecraft:boat_one_cm":278198,"minecraft:jump":4177,"minecraft:walk_on_water_one_cm":13214,"minecraft:total_world_time":167291,"minecraft:interact_with_furnace":125,"minecraft:sleep_in_bed":10,"minecraft:time_since_rest":317,"minecraft:damage_taken":1182,"minecraft:damage_dealt":9560,"minecraft:swim_one_cm":16852,"minecraft:fly_one_cm":771126,"minecraft:open_chest":63,"minecraft:crouch_one_cm":83699,"minecraft:fall_one_cm":101279}},"DataVersion":4189}