{"stats":{"minecraft:picked_up":{"minecraft:birch_log":29,"minecraft:iron_chestplate":1,"minecraft:wheat":18,"minecraft:cooked_beef":2,"minecraft:water_bucket":2,"minecraft:leather":2,"minecraft:lead":2,"minecraft:tuff":2,"minecraft:oak_log":66,"minecraft:shield":1,"minecraft:gunpowder":8,"minecraft:lapis_lazuli":101,"minecraft:dirt":130,"minecraft:string":29,"minecraft:iron_axe":1,"minecraft:iron_leggings":1,"minecraft:cooked_mutton":18,"minecraft:iron_shovel":1,"minecraft:bone":8,"minecraft:apple":4,"minecraft:bow":1,"minecraft:wheat_seeds":47,"minecraft:cobbled_deepslate":40,"minecraft:raw_gold":41,"minecraft:iron_pickaxe":1,"minecraft:iron_sword":1,"minecraft:oak_planks":33,"minecraft:chest":1,"minecraft:birch_sapling":14,"minecraft:iron_boots":1,"minecraft:stick":30,"minecraft:raw_iron":97,"minecraft:cooked_porkchop":10,"minecraft:sweet_berries":380,"minecraft:oak_fence":4,"minecraft:torch":8,"minecraft:gravel":1,"minecraft:diorite":1,"minecraft:redstone":28,"minecraft:spider_eye":1,"minecraft:iron_hoe":1,"minecraft:arrow":6,"minecraft:rotten_flesh":22,"minecraft:spruce_boat":6,"minecraft:diamond":19,"minecraft:iron_helmet":1,"minecraft:oak_sapling":33,"minecraft:coal":2,"minecraft:rail":6,"minecraft:cobblestone":1,"minecraft:diamond_pickaxe":1},"minecraft:mined":{"minecraft:deepslate_redstone_ore":8,"minecraft:oak_sapling":1,"minecraft:deepslate_diamond_ore":19,"minecraft:sculk_vein":2,"minecraft:torch":3,"minecraft:short_grass":2,"minecraft:grass_block":97,"minecraft:chest":1,"minecraft:tall_grass":1,"minecraft:cobblestone":1,"minecraft:lapis_ore":1,"minecraft:deepslate_gold_ore":41,"minecraft:oak_planks":1,"minecraft:sculk":4,"minecraft:diorite":1,"minecraft:wall_torch":1,"minecraft:spawner":2,"minecraft:birch_sapling":1,"minecraft:birch_log":29,"minecraft:iron_ore":19,"minecraft:wheat":18,"minecraft:cobbled_deepslate":1,"minecraft:sweet_berry_bush":3,"minecraft:birch_leaves":2,"minecraft:deepslate_lapis_ore":12,"minecraft:coal_ore":3,"minecraft:oak_log":66,"minecraft:deepslate_iron_ore":80,"minecraft:rail":6,"minecraft:gravel":1,"minecraft:dirt":37,"minecraft:cobweb":13,"minecraft:stone":10,"minecraft:oak_leaves":7,"minecraft:deepslate":24},"minecraft:custom":{"minecraft:interact_with_furnace":23,"minecraft:mob_kills":50,"minecraft:interact_with_crafting_table":9,"minecraft:leave_game":4,"minecraft:time_since_death":12112,"minecraft:sleep_in_bed":3,"minecraft:time_since_rest":3121,"minecraft:sprint_one_cm":471392,"minecraft:damage_taken":1222,"minecraft:walk_one_cm":116635,"minecraft:damage_blocked_by_shield":498,"minecraft:drop":19,"minecraft:damage_dealt":9756,"minecraft:swim_one_cm":13973,"minecraft:talked_to_villager":1,"minecraft:fly_one_cm":378916,"minecraft:open_chest":50,"minecraft:crouch_one_cm":58009,"minecraft:play_time":96555,"minecraft:deaths":1,"minecraft:sneak_time":18169,"minecraft:walk_under_water_one_cm":5096,"minecraft:boat_one_cm":11106,"minecraft:jump":2337,"minecraft:walk_on_water_one_cm":9641,"minecraft:total_world_time":98261,"minecraft:fall_one_cm":44868},"minecraft:crafted":{"minecraft:oak_planks":60,"minecraft:oak_slab":24,"minecraft:iron_sword":1,"minecraft:bone_meal":3,"minecraft:air":0,"minecraft:diamond_pickaxe":1,"minecraft:stick":4,"minecraft:iron_ingot":50,"minecraft:iron_pickaxe":1,"minecraft:chest":2,"minecraft:iron_shovel":1,"minecraft:torch":52},"minecraft:used":{"minecraft:wheat_seeds":47,"minecraft:water_bucket":69,"minecraft:iron_shovel":130,"minecraft:chest":3,"minecraft:shield":12,"minecraft:iron_sword":141,"minecraft:sugar_cane":15,"minecraft:torch":97,"minecraft:dirt":24,"minecraft:oak_slab":5,"minecraft:spruce_boat":5,"minecraft:iron_pickaxe":228,"minecraft:iron_axe":129,"minecraft:birch_sapling":14,"minecraft:gravel":1,"minecraft:sweet_berries":171,"minecraft:oak_sapling":14,"minecraft:bucket":69,"minecraft:cooked_beef":1,"minecraft:cobbled_deepslate":26,"minecraft:bone_meal":3},"minecraft:killed":{"minecraft:spider":4,"minecraft:wandering_trader":1,"minecraft:creeper":5,"minecraft:skeleton":8,"minecraft:trader_llama":2,"minecraft:zombie":27},"minecraft:broken":{"minecraft:iron_shovel":1,"minecraft:iron_sword":1},"minecraft:dropped":{"minecraft:water_bucket":1,"minecraft:sweet_berries":1,"minecraft:cobbled_deepslate":8,"minecraft:tuff":1,"minecraft:oak_fence":2,"minecraft:cobblestone":1,"minecraft:rotten_flesh":1,"minecraft:gunpowder":2,"minecraft:diorite":1,"minecraft:spider_eye":1,"minecraft:arrow":3,"minecraft:bow":1,"minecraft:bone":7}},"DataVersion":4189}